file,fold
/P000001.mat,train
/P000002.mat,train
/P000003.mat,train
/P000004.mat,val
/P000005.mat,test
/P000006.mat,train
/P000007.mat,train
/P000008.mat,train
/P000009.mat,train
/P000010.mat,train
/P000011.mat,train
/P000012.mat,val
/P000013.mat,val
/P000014.mat,train
/P000015.mat,val
/P000016.mat,val
/P000017.mat,train
/P000018.mat,val
/P000019.mat,val
/P000020.mat,train
/P000021.mat,test
/P000022.mat,train
/P000023.mat,train
/P000024.mat,test
/P000025.mat,train
/P000026.mat,train
/P000027.mat,test
/P000028.mat,train
/P000029.mat,val
/P000030.mat,train
/P000031.mat,train
/P000032.mat,train
/P000033.mat,train
/P000034.mat,train
/P000035.mat,train
/P000036.mat,train
/P000037.mat,train
/P000038.mat,train
/P000039.mat,val
/P000040.mat,test
/P000041.mat,test
/P000042.mat,test
/P000043.mat,train
/P000044.mat,train
/P000045.mat,train
/P000046.mat,train
/P000047.mat,train
/P000048.mat,train
/P000049.mat,val
/P000050.mat,train
/P000051.mat,train
/P000052.mat,train
/P000053.mat,train
/P000054.mat,test
/P000055.mat,train
/P000056.mat,train
/P000057.mat,train
/P000058.mat,train
/P000059.mat,train
/P000060.mat,train
/P000061.mat,train
/P000062.mat,test
/P000063.mat,train
/P000064.mat,train
/P000065.mat,train
/P000066.mat,val
/P000067.mat,train
/P000068.mat,train
/P000069.mat,train
/P000070.mat,test
/P000071.mat,test
/P000072.mat,train
/P000073.mat,train
/P000074.mat,train
/P000075.mat,train
/P000076.mat,train
/P000077.mat,train
/P000078.mat,val
/P000079.mat,test
/P000080.mat,val
/P000081.mat,val
/P000082.mat,train
/P000083.mat,val
/P000084.mat,train
/P000085.mat,train
/P000086.mat,train
/P000087.mat,train
/P000088.mat,train
/P000089.mat,test
/P000090.mat,test
/P000091.mat,train
/P000092.mat,test
/P000093.mat,train
/P000094.mat,test
/P000095.mat,train
/P000096.mat,train
/P000097.mat,test
/P000098.mat,test
/P000099.mat,train
/P000100.mat,train
/P000101.mat,train
/P000102.mat,val
/P000103.mat,val
/P000104.mat,val
/P000105.mat,train
/P000106.mat,train
/P000107.mat,train
/P000108.mat,test
/P000109.mat,train
/P000110.mat,train
/P000111.mat,train
/P000112.mat,train
/P000113.mat,train
/P000114.mat,train
/P000115.mat,train
/P000116.mat,test
/P000117.mat,train
/P000118.mat,train
/P000119.mat,test
/P000120.mat,train
/P000121.mat,train
/P000122.mat,train
/P000123.mat,test
/P000124.mat,train
/P000125.mat,train
/P000126.mat,train
/P000127.mat,train
/P000128.mat,train
/P000129.mat,train
/P000130.mat,train
/P000131.mat,test
/P000132.mat,test
/P000133.mat,train
/P000134.mat,train
/P000135.mat,train
/P000136.mat,train
/P000137.mat,train
/P000138.mat,test
/P000139.mat,train
/P000140.mat,test
/P000141.mat,val
/P000142.mat,test
/P000143.mat,train
/P000144.mat,test
/P000145.mat,train
/P000146.mat,test
/P000147.mat,val
/P000148.mat,train
/P000149.mat,train
/P000150.mat,test
/P000151.mat,test
/P000152.mat,test
/P000153.mat,train
/P000154.mat,test
/P000155.mat,train
/P000156.mat,train
/P000157.mat,train
/P000158.mat,train
/P000159.mat,train
/P000160.mat,train
/P000161.mat,train
/P000162.mat,train
/P000163.mat,train
/P000164.mat,test
/P000165.mat,train
/P000166.mat,train
/P000167.mat,train
/P000168.mat,train
/P000169.mat,train
/P000170.mat,train
/P000171.mat,train
/P000172.mat,train
/P000173.mat,train
/P000174.mat,train
/P000175.mat,train
/P000176.mat,train
/P000177.mat,train
/P000178.mat,train
/P000179.mat,train
/P000180.mat,train
/P000181.mat,train
/P000182.mat,test
/P000183.mat,train
/P000184.mat,train
/P000185.mat,train
/P000186.mat,train
/P000187.mat,val
/P000188.mat,train
/P000189.mat,train
/P000190.mat,test
/P000191.mat,train
/P000192.mat,train
/P000193.mat,train
/P000194.mat,test
/P000195.mat,train
/P000196.mat,val
/P000197.mat,test
/P000198.mat,val
/P000199.mat,train
/P000200.mat,train
/P000201.mat,val
/P000202.mat,test
/P000203.mat,test
/P000204.mat,train
/P000205.mat,train
/P000206.mat,train
/P000207.mat,val
/P000208.mat,train
/P000209.mat,val
/P000210.mat,train
/P000211.mat,val
/P000212.mat,train
/P000213.mat,train
/P000214.mat,train
/P000215.mat,train
/P000216.mat,val
/P000217.mat,train
/P000218.mat,val
/P000219.mat,val
/P000220.mat,train
/P000221.mat,train
/P000222.mat,train
/P000223.mat,train
/P000224.mat,train
/P000225.mat,train
/P000226.mat,test
/P000227.mat,train
/P000228.mat,test
/P000229.mat,val
/P000230.mat,train
/P000231.mat,train
/P000232.mat,train
/P000233.mat,train
/P000234.mat,train
/P000235.mat,train
/P000236.mat,train
/P000237.mat,train
/P000238.mat,train
/P000239.mat,train
/P000240.mat,train
/P000241.mat,train
/P000242.mat,val
/P000243.mat,val
/P000244.mat,val
/P000245.mat,train
/P000246.mat,train
/P000247.mat,train
/P000248.mat,val
/P000249.mat,train
/P000250.mat,train
/P000251.mat,train
/P000252.mat,train
/P000253.mat,train
/P000254.mat,val
/P000255.mat,val
/P000256.mat,train
/P000257.mat,train
/P000258.mat,test
/P000259.mat,val
/P000260.mat,train
/P000261.mat,test
/P000262.mat,val
/P000263.mat,val
/P000264.mat,test
/P000265.mat,test
/P000266.mat,test
/P000267.mat,train
/P000268.mat,train
/P000269.mat,train
/P000270.mat,train
/P000271.mat,train
/P000272.mat,val
/P000273.mat,test
/P000274.mat,train
/P000275.mat,train
/P000276.mat,train
/P000277.mat,train
/P000278.mat,train
/P000279.mat,train
/P000280.mat,train
/P000281.mat,train
/P000282.mat,train
/P000283.mat,train
/P000284.mat,train
/P000285.mat,train
/P000286.mat,train
/P000287.mat,test
/P000288.mat,train
/P000289.mat,test
/P000290.mat,train
/P000291.mat,train
/P000292.mat,train
/P000293.mat,train
/P000294.mat,train
/P000295.mat,train
/P000296.mat,train
/P000297.mat,train
/P000298.mat,train
/P000299.mat,train
/P000300.mat,val
/P000301.mat,train
/P000302.mat,train
/P000303.mat,train
/P000304.mat,test
/P000305.mat,train
/P000306.mat,train
/P000307.mat,train
/P000308.mat,val
/P000309.mat,train
/P000310.mat,train
/P000311.mat,val
/P000312.mat,train
/P000313.mat,train
/P000314.mat,train
/P000315.mat,train
/P000316.mat,val
/P000317.mat,train
/P000318.mat,train
/P000319.mat,train
/P000320.mat,test
/P000321.mat,train
/P000322.mat,train
/P000323.mat,test
/P000324.mat,train
/P000325.mat,train
/P000326.mat,test
/P000327.mat,train
/P000328.mat,train
/P000329.mat,train
/P000330.mat,train
/P000331.mat,train
/P000332.mat,train
/P000333.mat,val
/P000334.mat,train
/P000335.mat,train
/P000336.mat,train
/P000337.mat,train
/P000338.mat,val
/P000339.mat,test
/P000340.mat,train
/P000341.mat,train
/P000342.mat,train
/P000343.mat,train
/P000344.mat,test
/P000345.mat,train
/P000346.mat,val
/P000347.mat,train
/P000348.mat,train
/P000349.mat,val
/P000350.mat,val
/P000351.mat,test
/P000352.mat,train
/P000353.mat,val
/P000354.mat,train
/P000355.mat,test
/P000356.mat,train
/P000357.mat,val
/P000358.mat,train
/P000359.mat,test
/P000360.mat,train
/P000361.mat,val
/P000362.mat,val
/P000363.mat,train
/P000364.mat,train
/P000365.mat,train
/P000366.mat,train
/P000367.mat,test
/P000368.mat,val
/P000369.mat,train
/P000370.mat,train
/P000371.mat,train
/P000372.mat,val
/P000373.mat,train
/P000374.mat,test
/P000375.mat,val
/P000376.mat,train
/P000377.mat,test
/P000378.mat,train
/P000379.mat,val
/P000380.mat,val
/P000381.mat,train
/P000382.mat,train
/P000383.mat,train
/P000384.mat,test
/P000385.mat,train
/P000386.mat,train
/P000387.mat,test
/P000388.mat,val
/P000389.mat,train
/P000390.mat,train
/P000391.mat,train
/P000392.mat,train
/P000393.mat,train
/P000394.mat,train
/P000395.mat,test
/P000396.mat,train
/P000397.mat,val
/P000398.mat,train
/P000399.mat,train
/P000400.mat,train
/P000401.mat,test
/P000402.mat,train
/P000403.mat,train
/P000404.mat,train
/P000405.mat,train
/P000406.mat,train
/P000407.mat,test
/P000408.mat,train
/P000409.mat,train
/P000410.mat,train
/P000411.mat,train
/P000412.mat,test
/P000413.mat,train
/P000414.mat,train
/P000415.mat,train
/P000416.mat,test
/P000417.mat,val
/P000418.mat,train
/P000419.mat,train
/P000420.mat,test
/P000421.mat,train
/P000422.mat,test
/P000423.mat,val
/P000424.mat,train
/P000425.mat,train
/P000426.mat,test
/P000427.mat,test
/P000428.mat,val
/P000429.mat,train
/P000430.mat,train
/P000431.mat,train
/P000432.mat,test
/P000433.mat,train
/P000434.mat,test
/P000435.mat,train
/P000436.mat,train
/P000437.mat,train
/P000438.mat,train
/P000439.mat,test
/P000440.mat,train
/P000441.mat,train
/P000442.mat,test
/P000443.mat,test
/P000444.mat,train
/P000445.mat,train
/P000446.mat,val
/P000447.mat,train
/P000448.mat,train
/P000449.mat,train
/P000450.mat,train
/P000451.mat,train
/P000452.mat,train
/P000453.mat,train
/P000454.mat,val
/P000455.mat,train
/P000456.mat,test
/P000457.mat,train
/P000458.mat,val
/P000459.mat,train
/P000460.mat,train
/P000461.mat,train
/P000462.mat,val
/P000463.mat,train
/P000464.mat,train
/P000465.mat,train
/P000466.mat,train
/P000467.mat,train
/P000468.mat,train
/P000469.mat,train
/P000470.mat,test
/P000471.mat,train
/P000472.mat,train
/P000473.mat,test
/P000474.mat,val
/P000475.mat,train
/P000476.mat,train
/P000477.mat,train
/P000478.mat,train
/P000479.mat,val
/P000480.mat,val
/P000481.mat,train
/P000482.mat,train
/P000483.mat,train
/P000484.mat,train
/P000485.mat,train
/P000486.mat,train
/P000487.mat,train
/P000488.mat,train
/P000489.mat,train
/P000490.mat,train
/P000491.mat,train
/P000492.mat,val
/P000493.mat,val
/P000494.mat,train
/P000495.mat,train
/P000496.mat,train
/P000497.mat,train
/P000498.mat,train
/P000499.mat,train
/P000500.mat,train
/P000501.mat,train
/P000502.mat,train
/P000503.mat,train
/P000504.mat,train
/P000505.mat,train
/P000506.mat,train
/P000507.mat,train
/P000508.mat,train
/P000509.mat,train
/P000510.mat,train
/P000511.mat,train
/P000512.mat,train
/P000513.mat,train
/P000514.mat,train
/P000515.mat,train
/P000516.mat,val
/P000517.mat,val
/P000518.mat,train
/P000519.mat,train
/P000520.mat,train
/P000521.mat,train
/P000522.mat,test
/P000523.mat,val
/P000524.mat,train
/P000525.mat,train
/P000526.mat,val
/P000527.mat,train
/P000528.mat,train
/P000529.mat,train
/P000530.mat,train
/P000531.mat,val
/P000532.mat,train
/P000533.mat,train
/P000534.mat,train
/P000535.mat,train
/P000536.mat,val
/P000537.mat,train
/P000538.mat,train
/P000539.mat,train
/P000540.mat,train
/P000541.mat,train
/P000542.mat,train
/P000543.mat,val
/P000544.mat,train
/P000545.mat,train
/P000546.mat,train
/P000547.mat,train
/P000548.mat,train
/P000549.mat,train
/P000550.mat,val
/P000551.mat,train
/P000552.mat,train
/P000553.mat,train
/P000554.mat,train
/P000555.mat,train
/P000556.mat,test
/P000557.mat,test
/P000558.mat,val
/P000559.mat,train
/P000560.mat,train
/P000561.mat,train
/P000562.mat,train
/P000563.mat,train
/P000564.mat,train
/P000565.mat,test
/P000566.mat,val
/P000567.mat,train
/P000568.mat,test
/P000569.mat,train
/P000570.mat,train
/P000571.mat,val
/P000572.mat,train
/P000573.mat,train
/P000574.mat,test
/P000575.mat,test
/P000576.mat,train
/P000577.mat,test
/P000578.mat,train
/P000579.mat,train
/P000580.mat,train
/P000581.mat,train
/P000582.mat,train
/P000583.mat,test
/P000584.mat,train
/P000585.mat,train
/P000586.mat,test
/P000587.mat,test
/P000588.mat,train
/P000589.mat,val
/P000590.mat,val
/P000591.mat,train
/P000592.mat,val
/P000593.mat,train
/P000594.mat,train
/P000595.mat,val
/P000596.mat,val
/P000597.mat,val
/P000598.mat,val
/P000599.mat,val
/P000600.mat,train
/P000601.mat,train
/P000602.mat,train
/P000603.mat,train
/P000604.mat,val
/P000605.mat,train
/P000606.mat,test
/P000607.mat,train
/P000608.mat,test
/P000609.mat,train
/P000610.mat,train
/P000611.mat,train
/P000612.mat,train
/P000613.mat,train
/P000614.mat,train
/P000615.mat,train
/P000616.mat,train
/P000617.mat,test
/P000618.mat,val
/P000619.mat,train
/P000620.mat,train
/P000621.mat,train
/P000622.mat,train
/P000623.mat,train
/P000624.mat,train
/P000625.mat,val
/P000626.mat,train
/P000627.mat,train
/P000628.mat,train
/P000629.mat,train
/P000630.mat,train
/P000631.mat,train
/P000632.mat,train
/P000633.mat,train
/P000634.mat,train
/P000635.mat,train
/P000636.mat,train
/P000637.mat,train
/P000638.mat,train
/P000639.mat,train
/P000640.mat,train
/P000641.mat,train
/P000642.mat,train
/P000643.mat,train
/P000644.mat,train
/P000645.mat,train
/P000646.mat,test
/P000647.mat,test
/P000648.mat,test
/P000649.mat,train
/P000650.mat,train
/P000651.mat,test
/P000652.mat,val
/P000653.mat,train
/P000654.mat,val
/P000655.mat,val
/P000656.mat,train
/P000657.mat,train
/P000658.mat,train
/P000659.mat,train
/P000660.mat,train
/P000661.mat,train
/P000662.mat,test
/P000663.mat,train
/P000664.mat,train
/P000665.mat,train
/P000666.mat,train
/P000667.mat,train
/P000668.mat,train
/P000669.mat,test
/P000670.mat,test
/P000671.mat,train
/P000672.mat,val
/P000673.mat,train
/P000674.mat,train
/P000675.mat,train
/P000676.mat,train
/P000677.mat,train
/P000678.mat,train
/P000679.mat,train
/P000680.mat,test
/P000681.mat,train
/P000682.mat,val
/P000683.mat,train
/P000684.mat,train
/P000685.mat,train
/P000686.mat,test
/P000687.mat,train
/P000688.mat,val
/P000689.mat,val
/P000690.mat,train
/P000691.mat,val
/P000692.mat,train
/P000693.mat,train
/P000694.mat,val
/P000695.mat,val
/P000696.mat,test
/P000697.mat,train
/P000698.mat,train
/P000699.mat,train
/P000700.mat,test
/P000701.mat,train
/P000702.mat,test
/P000703.mat,test
/P000704.mat,train
/P000705.mat,train
/P000706.mat,test
/P000707.mat,val
/P000708.mat,train
/P000709.mat,val
/P000710.mat,train
/P000711.mat,test
/P000712.mat,train
/P000713.mat,train
/P000714.mat,train
/P000715.mat,train
/P000716.mat,test
/P000717.mat,train
/P000718.mat,test
/P000719.mat,train
/P000720.mat,test
/P000721.mat,train
/P000722.mat,test
/P000723.mat,train
/P000724.mat,train
/P000725.mat,val
/P000726.mat,train
/P000727.mat,train
/P000728.mat,train
/P000729.mat,train
/P000730.mat,train
/P000731.mat,train
/P000732.mat,train
/P000733.mat,val
/P000734.mat,val
/P000735.mat,train
/P000736.mat,train
/P000737.mat,test
/P000738.mat,train
/P000739.mat,train
/P000740.mat,train
/P000741.mat,train
/P000742.mat,test
/P000743.mat,train
/P000744.mat,val
/P000745.mat,train
/P000746.mat,train
/P000747.mat,train
/P000748.mat,val
/P000749.mat,train
/P000750.mat,train
/P000751.mat,train
/P000752.mat,train
/P000753.mat,test
/P000754.mat,train
/P000755.mat,train
/P000756.mat,test
/P000757.mat,train
/P000758.mat,train
/P000759.mat,test
/P000760.mat,train
/P000761.mat,val
/P000762.mat,train
/P000763.mat,train
/P000764.mat,val
/P000765.mat,val
/P000766.mat,train
/P000767.mat,test
/P000768.mat,train
/P000769.mat,train
/P000770.mat,train
/P000771.mat,train
/P000772.mat,train
/P000773.mat,train
/P000774.mat,val
/P000775.mat,train
/P000776.mat,train
/P000777.mat,train
/P000778.mat,train
/P000779.mat,train
/P000780.mat,test
/P000781.mat,train
/P000782.mat,train
/P000783.mat,test
/P000784.mat,train
/P000785.mat,train
/P000786.mat,train
/P000787.mat,train
/P000788.mat,train
/P000789.mat,train
/P000790.mat,train
/P000791.mat,train
/P000792.mat,train
/P000793.mat,val
/P000794.mat,train
/P000795.mat,test
/P000796.mat,val
/P000797.mat,val
/P000798.mat,train
/P000799.mat,train
/P000800.mat,train
/P000801.mat,val
/P000802.mat,train
/P000803.mat,train
/P000804.mat,train
/P000805.mat,val
/P000806.mat,train
/P000807.mat,train
/P000808.mat,val
/P000809.mat,train
/P000810.mat,train
/P000811.mat,train
/P000812.mat,train
/P000813.mat,test
/P000814.mat,train
/P000815.mat,train
/P000816.mat,train
/P000817.mat,train
/P000818.mat,train
/P000819.mat,test
/P000820.mat,train
/P000821.mat,train
/P000822.mat,val
/P000823.mat,train
/P000824.mat,train
/P000825.mat,train
/P000826.mat,train
/P000827.mat,train
/P000828.mat,train
/P000829.mat,train
/P000830.mat,val
/P000831.mat,train
/P000832.mat,train
/P000833.mat,train
/P000834.mat,train
/P000835.mat,test
/P000836.mat,test
/P000837.mat,test
/P000838.mat,val
/P000839.mat,train
/P000840.mat,val
/P000841.mat,train
/P000842.mat,train
/P000843.mat,train
/P000844.mat,val
/P000845.mat,train
/P000846.mat,train
/P000847.mat,train
/P000848.mat,train
/P000849.mat,train
/P000850.mat,val
/P000851.mat,val
/P000852.mat,train
/P000853.mat,val
/P000854.mat,train
/P000855.mat,train
/P000856.mat,train
/P000857.mat,train
/P000858.mat,train
/P000859.mat,train
/P000860.mat,train
/P000861.mat,test
/P000862.mat,train
/P000863.mat,train
/P000864.mat,train
/P000865.mat,train
/P000866.mat,train
/P000867.mat,test
/P000868.mat,train
/P000869.mat,test
/P000870.mat,test
/P000871.mat,train
/P000872.mat,train
/P000873.mat,train
/P000874.mat,val
/P000875.mat,val
/P000876.mat,train
/P000877.mat,val
/P000878.mat,train
/P000879.mat,train
/P000880.mat,train
/P000881.mat,train
/P000882.mat,train
/P000883.mat,val
/P000884.mat,train
/P000885.mat,train
/P000886.mat,train
/P000887.mat,train
/P000888.mat,train
/P000889.mat,val
/P000890.mat,train
/P000891.mat,train
/P000892.mat,train
/P000893.mat,train
/P000894.mat,train
/P000895.mat,train
/P000896.mat,train
/P000897.mat,train
/P000898.mat,train
/P000899.mat,test
/P000900.mat,train
/P000901.mat,test
/P000902.mat,train
/P000903.mat,train
/P000904.mat,train
/P000905.mat,val
/P000906.mat,train
/P000907.mat,train
/P000908.mat,train
/P000909.mat,val
/P000910.mat,train
/P000911.mat,test
/P000912.mat,train
/P000913.mat,val
/P000914.mat,test
/P000915.mat,train
/P000916.mat,train
/P000917.mat,train
/P000918.mat,train
/P000919.mat,train
/P000920.mat,train
/P000921.mat,train
/P000922.mat,test
/P000923.mat,test
/P000924.mat,val
/P000925.mat,train
/P000926.mat,train
/P000927.mat,val
/P000928.mat,train
/P000929.mat,train
/P000930.mat,test
/P000931.mat,train
/P000932.mat,train
/P000933.mat,val
/P000934.mat,train
/P000935.mat,test
/P000936.mat,train
/P000937.mat,train
/P000938.mat,test
/P000939.mat,val
/P000940.mat,train
/P000941.mat,train
/P000942.mat,train
/P000943.mat,val
/P000944.mat,test
/P000945.mat,val
/P000946.mat,train
/P000947.mat,test
/P000948.mat,train
/P000949.mat,train
/P000950.mat,train
/P000951.mat,train
/P000952.mat,train
/P000953.mat,test
/P000954.mat,train
/P000955.mat,train
/P000956.mat,train
/P000957.mat,train
/P000958.mat,train
/P000959.mat,train
/P000960.mat,train
/P000961.mat,train
/P000962.mat,train
/P000963.mat,test
/P000964.mat,train
/P000965.mat,val
/P000966.mat,test
/P000967.mat,train
/P000968.mat,train
/P000969.mat,val
/P000970.mat,test
/P000971.mat,train
/P000972.mat,train
/P000973.mat,train
/P000974.mat,train
/P000975.mat,train
/P000976.mat,train
/P000977.mat,train
/P000978.mat,train
/P000979.mat,train
/P000980.mat,train
/P000981.mat,train
/P000982.mat,train
/P000983.mat,train
/P000984.mat,train
/P000985.mat,val
/P000986.mat,train
/P000987.mat,train
/P000988.mat,train
/P000989.mat,train
/P000990.mat,val
/P000991.mat,train
/P000992.mat,train
/P000993.mat,train
/P000994.mat,train
/P000995.mat,train
/P000996.mat,test
/P000997.mat,train
/P000998.mat,train
/P000999.mat,val
/P001000.mat,train
/P001001.mat,train
/P001002.mat,train
/P001003.mat,train
/P001004.mat,test
/P001005.mat,train
/P001006.mat,val
/P001007.mat,train
/P001008.mat,train
/P001009.mat,train
/P001010.mat,test
/P001011.mat,train
/P001012.mat,train
/P001013.mat,train
/P001014.mat,train
/P001015.mat,train
/P001016.mat,test
/P001017.mat,train
/P001018.mat,train
/P001019.mat,train
/P001020.mat,train
/P001021.mat,train
/P001022.mat,train
/P001023.mat,train
/P001024.mat,train
/P001025.mat,test
/P001026.mat,train
/P001027.mat,train
/P001028.mat,train
/P001029.mat,train
/P001030.mat,train
/P001031.mat,train
/P001032.mat,train
/P001033.mat,train
/P001034.mat,train
/P001035.mat,train
/P001036.mat,train
/P001037.mat,train
/P001038.mat,train
/P001039.mat,train
/P001040.mat,val
/P001041.mat,test
/P001042.mat,val
/P001043.mat,train
/P001044.mat,val
/P001045.mat,train
/P001046.mat,test
/P001047.mat,val
/P001048.mat,val
/P001049.mat,train
/P001050.mat,train
/P001051.mat,train
/P001052.mat,train
/P001053.mat,train
/P001054.mat,train
/P001055.mat,train
/P001056.mat,train
/P001057.mat,test
/P001058.mat,train
/P001059.mat,train
/P001060.mat,train
/P001061.mat,train
/P001062.mat,val
/P001063.mat,train
/P001064.mat,train
/P001065.mat,test
/P001066.mat,train
/P001067.mat,test
/P001068.mat,train
/P001069.mat,train
/P001070.mat,train
/P001071.mat,train
/P001072.mat,train
/P001073.mat,train
/P001074.mat,train
/P001075.mat,train
/P001076.mat,train
/P001077.mat,train
/P001078.mat,val
/P001079.mat,train
/P001080.mat,train
/P001081.mat,train
/P001082.mat,train
/P001083.mat,val
/P001084.mat,val
/P001085.mat,test
/P001086.mat,train
/P001087.mat,train
/P001088.mat,train
/P001089.mat,train
/P001090.mat,test
/P001091.mat,train
/P001092.mat,test
/P001093.mat,train
/P001094.mat,val
/P001095.mat,train
/P001096.mat,train
/P001097.mat,train
/P001098.mat,train
/P001099.mat,train
/P001100.mat,train
/P001101.mat,train
/P001102.mat,train
/P001103.mat,train
/P001104.mat,train
/P001105.mat,train
/P001106.mat,train
/P001107.mat,train
/P001108.mat,train
/P001109.mat,test
/P001110.mat,train
/P001111.mat,test
/P001112.mat,train
/P001113.mat,train
/P001114.mat,train
/P001115.mat,val
/P001116.mat,test
/P001117.mat,train
/P001118.mat,test
/P001119.mat,train
/P001120.mat,val
/P001121.mat,val
/P001122.mat,train
/P001123.mat,train
/P001124.mat,train
/P001125.mat,test
/P001126.mat,val
/P001127.mat,train
/P001128.mat,train
/P001129.mat,train
/P001130.mat,train
/P001131.mat,train
/P001132.mat,train
/P001133.mat,train
/P001134.mat,test
/P001135.mat,train
/P001136.mat,train
/P001137.mat,train
/P001138.mat,train
/P001139.mat,train
/P001140.mat,train
/P001141.mat,train
/P001142.mat,train
/P001143.mat,train
/P001144.mat,train
/P001145.mat,train
/P001146.mat,test
/P001147.mat,train
/P001148.mat,train
/P001149.mat,val
/P001150.mat,train
/P001151.mat,train
/P001152.mat,train
/P001153.mat,train
/P001154.mat,val
/P001155.mat,train
/P001156.mat,test
/P001157.mat,train
/P001158.mat,train
/P001159.mat,train
/P001160.mat,train
/P001161.mat,train
/P001162.mat,train
/P001163.mat,train
/P001164.mat,train
/P001165.mat,train
/P001166.mat,train
/P001167.mat,val
/P001168.mat,train
/P001169.mat,test
/P001170.mat,test
/P001171.mat,train
/P001172.mat,train
/P001173.mat,train
/P001174.mat,test
/P001175.mat,test
/P001176.mat,train
/P001177.mat,train
/P001178.mat,train
/P001179.mat,test
/P001180.mat,train
/P001181.mat,train
/P001182.mat,train
/P001183.mat,train
/P001184.mat,train
/P001185.mat,val
/P001186.mat,train
/P001187.mat,val
/P001188.mat,train
/P001189.mat,test
/P001190.mat,train
/P001191.mat,train
/P001192.mat,train
/P001193.mat,train
/P001194.mat,train
/P001195.mat,test
/P001196.mat,val
/P001197.mat,train
/P001198.mat,train
/P001199.mat,train
/P001200.mat,val
/P001201.mat,test
/P001202.mat,train
/P001203.mat,train
/P001204.mat,train
/P001205.mat,train
/P001206.mat,train
/P001207.mat,val
/P001208.mat,val
/P001209.mat,train
/P001210.mat,test
/P001211.mat,val
/P001212.mat,train
/P001213.mat,train
/P001214.mat,test
/P001215.mat,train
/P001216.mat,train
/P001217.mat,train
/P001218.mat,train
/P001219.mat,train
/P001220.mat,val
/P001221.mat,test
/P001222.mat,train
/P001223.mat,test
/P001224.mat,val
/P001225.mat,train
/P001226.mat,train
/P001227.mat,train
/P001228.mat,val
/P001229.mat,train
/P001230.mat,train
/P001231.mat,val
/P001232.mat,val
/P001233.mat,train
/P001234.mat,val
/P001235.mat,train
/P001236.mat,train
/P001237.mat,val
/P001238.mat,val
/P001239.mat,test
/P001240.mat,train
/P001241.mat,test
/P001242.mat,train
/P001243.mat,train
/P001244.mat,train
/P001245.mat,val
/P001246.mat,train
/P001247.mat,train
/P001248.mat,val
/P001249.mat,train
/P001250.mat,train
/P001251.mat,train
/P001252.mat,train
/P001253.mat,train
/P001254.mat,val
/P001255.mat,train
/P001256.mat,train
/P001257.mat,train
/P001258.mat,test
/P001259.mat,test
/P001260.mat,train
/P001261.mat,train
/P001262.mat,train
/P001263.mat,train
/P001264.mat,train
/P001265.mat,train
/P001266.mat,train
/P001267.mat,val
/P001268.mat,train
/P001269.mat,train
/P001270.mat,train
/P001271.mat,test
/P001272.mat,val
/P001273.mat,val
/P001274.mat,val
/P001275.mat,test
/P001276.mat,train
/P001277.mat,train
/P001278.mat,train
/P001279.mat,train
/P001280.mat,train
/P001281.mat,train
/P001282.mat,train
/P001283.mat,train
/P001284.mat,train
/P001285.mat,val
/P001286.mat,train
/P001287.mat,train
/P001288.mat,train
/P001289.mat,train
/P001290.mat,train
/P001291.mat,train
/P001292.mat,train
/P001293.mat,train
/P001294.mat,train
/P001295.mat,train
/P001296.mat,train
/P001297.mat,train
/P001298.mat,train
/P001299.mat,test
/P001300.mat,train
/P001301.mat,train
/P001302.mat,train
/P001303.mat,train
/P001304.mat,train
/P001305.mat,test
/P001306.mat,train
/P001307.mat,train
/P001308.mat,train
/P001309.mat,train
/P001310.mat,train
/P001311.mat,train
/P001312.mat,test
/P001313.mat,train
/P001314.mat,train
/P001315.mat,train
/P001316.mat,train
/P001317.mat,train
/P001318.mat,train
/P001319.mat,train
/P001320.mat,train
/P001321.mat,val
/P001322.mat,train
/P001323.mat,train
/P001324.mat,train
/P001325.mat,val
/P001326.mat,train
/P001327.mat,train
/P001328.mat,train
/P001329.mat,train
/P001330.mat,train
/P001331.mat,train
/P001332.mat,train
/P001333.mat,train
/P001334.mat,train
/P001335.mat,train
/P001336.mat,train
/P001337.mat,train
/P001338.mat,train
/P001339.mat,val
/P001340.mat,train
/P001341.mat,train
/P001342.mat,train
/P001343.mat,val
/P001344.mat,test
/P001345.mat,test
/P001346.mat,train
/P001347.mat,train
/P001348.mat,val
/P001349.mat,train
/P001350.mat,train
/P001351.mat,train
/P001352.mat,train
/P001353.mat,test
/P001354.mat,train
/P001355.mat,test
/P001356.mat,train
/P001357.mat,train
/P001358.mat,train
/P001359.mat,test
/P001360.mat,train
/P001361.mat,train
/P001362.mat,train
/P001363.mat,train
/P001364.mat,train
/P001365.mat,train
/P001366.mat,train
/P001367.mat,train
/P001368.mat,train
/P001369.mat,train
/P001370.mat,train
/P001371.mat,train
/P001372.mat,test
/P001373.mat,train
/P001374.mat,test
/P001375.mat,val
/P001376.mat,train
/P001377.mat,train
/P001378.mat,train
/P001379.mat,train
/P001380.mat,train
/P001381.mat,train
/P001382.mat,train
/P001383.mat,test
/P001384.mat,test
/P001385.mat,train
/P001386.mat,test
/P001387.mat,val
/P001388.mat,train
/P001389.mat,train
/P001390.mat,train
/P001391.mat,train
/P001392.mat,train
/P001393.mat,train
/P001394.mat,train
/P001395.mat,test
/P001396.mat,val
/P001397.mat,val
/P001398.mat,train
/P001399.mat,train
/P001400.mat,train
/P001401.mat,train
/P001402.mat,val
/P001403.mat,train
/P001404.mat,train
/P001405.mat,test
/P001406.mat,val
/P001407.mat,val
/P001408.mat,test
/P001409.mat,val
/P001410.mat,train
/P001411.mat,train
/P001412.mat,train
/P001413.mat,train
/P001414.mat,train
/P001415.mat,val
/P001416.mat,train
/P001417.mat,test
/P001418.mat,test
/P001419.mat,train
/P001420.mat,train
/P001421.mat,train
/P001422.mat,train
/P001423.mat,train
/P001424.mat,train
/P001425.mat,train
/P001426.mat,train
/P001427.mat,train
/P001428.mat,train
/P001429.mat,test
/P001430.mat,train
/P001431.mat,test
/P001432.mat,val
/P001433.mat,train
/P001434.mat,train
/P001435.mat,train
/P001436.mat,train
/P001437.mat,train
/P001438.mat,train
/P001439.mat,val
/P001440.mat,train
/P001441.mat,train
/P001442.mat,test
/P001443.mat,train
/P001444.mat,train
/P001445.mat,train
/P001446.mat,val
/P001447.mat,train
/P001448.mat,train
/P001449.mat,train
/P001450.mat,train
/P001451.mat,train
/P001452.mat,train
/P001453.mat,val
/P001454.mat,train
/P001455.mat,val
/P001456.mat,train
/P001457.mat,train
/P001458.mat,train
/P001459.mat,val
/P001460.mat,train
/P001461.mat,train
/P001462.mat,val
/P001463.mat,train
/P001464.mat,train
/P001465.mat,train
/P001466.mat,train
/P001467.mat,train
/P001468.mat,train
/P001469.mat,train
/P001470.mat,val
/P001471.mat,train
/P001472.mat,train
/P001473.mat,test
/P001474.mat,val
/P001475.mat,test
/P001476.mat,val
/P001477.mat,train
/P001478.mat,test
/P001479.mat,train
/P001480.mat,train
/P001481.mat,train
/P001482.mat,train
/P001483.mat,test
/P001484.mat,train
/P001485.mat,train
/P001486.mat,train
/P001487.mat,val
/P001488.mat,train
/P001489.mat,train
/P001490.mat,val
/P001491.mat,test
/P001492.mat,train
/P001493.mat,train
/P001494.mat,train
/P001495.mat,train
/P001496.mat,train
/P001497.mat,train
/P001498.mat,train
/P001499.mat,train
/P001500.mat,val
/P001501.mat,train
/P001502.mat,train
/P001503.mat,train
/P001504.mat,train
/P001505.mat,train
/P001506.mat,train
/P001507.mat,train
/P001508.mat,test
/P001509.mat,val
/P001510.mat,train
/P001511.mat,train
/P001512.mat,train
/P001513.mat,train
/P001514.mat,train
/P001515.mat,train
/P001516.mat,train
/P001517.mat,train
/P001518.mat,train
/P001519.mat,val
/P001520.mat,test
/P001521.mat,train
/P001522.mat,train
/P001523.mat,train
/P001524.mat,train
/P001525.mat,train
/P001526.mat,train
/P001527.mat,train
/P001528.mat,train
/P001529.mat,train
/P001530.mat,train
/P001531.mat,val
/P001532.mat,train
/P001533.mat,train
/P001534.mat,test
/P001535.mat,train
/P001536.mat,test
/P001537.mat,test
/P001538.mat,train
/P001539.mat,train
/P001540.mat,train
/P001541.mat,train
/P001542.mat,test
/P001543.mat,train
/P001544.mat,test
/P001545.mat,train
/P001546.mat,train
/P001547.mat,test
/P001548.mat,test
/P001549.mat,train
/P001550.mat,test
/P001551.mat,train
/P001552.mat,train
/P001553.mat,train
/P001554.mat,train
/P001555.mat,train
/P001556.mat,train
/P001557.mat,test
/P001558.mat,train
/P001559.mat,train
/P001560.mat,train
/P001561.mat,train
/P001562.mat,train
/P001563.mat,val
/P001564.mat,val
/P001565.mat,train
/P001566.mat,train
/P001567.mat,train
/P001568.mat,train
/P001569.mat,train
/P001570.mat,train
/P001571.mat,train
/P001572.mat,test
/P001573.mat,train
/P001574.mat,train
/P001575.mat,train
/P001576.mat,test
/P001577.mat,train
/P001578.mat,train
/P001579.mat,train
/P001580.mat,train
/P001581.mat,train
/P001582.mat,train
/P001583.mat,val
/P001584.mat,val
/P001585.mat,val
/P001586.mat,train
/P001587.mat,train
/P001588.mat,val
/P001589.mat,train
/P001590.mat,test
/P001591.mat,train
/P001592.mat,train
/P001593.mat,train
/P001594.mat,train
/P001595.mat,val
/P001596.mat,train
/P001597.mat,train
/P001598.mat,train
/P001599.mat,train
/P001600.mat,train
/P001601.mat,train
/P001602.mat,val
/P001603.mat,train
/P001604.mat,train
/P001605.mat,train
/P001606.mat,train
/P001607.mat,train
/P001608.mat,train
/P001609.mat,train
/P001610.mat,train
/P001611.mat,train
/P001612.mat,train
/P001613.mat,test
/P001614.mat,val
/P001615.mat,train
/P001616.mat,val
/P001617.mat,train
/P001618.mat,train
/P001619.mat,train
/P001620.mat,val
/P001621.mat,val
/P001622.mat,train
/P001623.mat,train
/P001624.mat,train
/P001625.mat,train
/P001626.mat,train
/P001627.mat,train
/P001628.mat,test
/P001629.mat,train
/P001630.mat,test
/P001631.mat,train
/P001632.mat,val
/P001633.mat,train
/P001634.mat,train
/P001635.mat,val
/P001636.mat,test
/P001637.mat,train
/P001638.mat,train
/P001639.mat,train
/P001640.mat,train
/P001641.mat,train
/P001642.mat,test
/P001643.mat,train
/P001644.mat,train
/P001645.mat,train
/P001646.mat,train
/P001647.mat,train
/P001648.mat,train
/P001649.mat,train
/P001650.mat,train
/P001651.mat,val
/P001652.mat,train
/P001653.mat,val
/P001654.mat,test
/P001655.mat,train
/P001656.mat,train
/P001657.mat,test
/P001658.mat,train
/P001659.mat,train
/P001660.mat,test
/P001661.mat,train
/P001662.mat,train
/P001663.mat,train
/P001664.mat,test
/P001665.mat,test
/P001666.mat,val
/P001667.mat,train
/P001668.mat,val
/P001669.mat,train
/P001670.mat,train
/P001671.mat,val
/P001672.mat,test
/P001673.mat,test
/P001674.mat,val
/P001675.mat,train
/P001676.mat,train
/P001677.mat,val
/P001678.mat,val
/P001679.mat,train
/P001680.mat,train
/P001681.mat,train
/P001682.mat,train
/P001683.mat,test
/P001684.mat,val
/P001685.mat,train
/P001686.mat,train
/P001687.mat,train
/P001688.mat,train
/P001689.mat,val
/P001690.mat,val
/P001691.mat,train
/P001692.mat,test
/P001693.mat,train
/P001694.mat,train
/P001695.mat,train
/P001696.mat,train
/P001697.mat,val
/P001698.mat,train
/P001699.mat,val
/P001700.mat,train
/P001701.mat,test
/P001702.mat,test
/P001703.mat,train
/P001704.mat,test
/P001705.mat,train
/P001706.mat,train
/P001707.mat,val
/P001708.mat,val
/P001709.mat,train
/P001710.mat,train
/P001711.mat,train
/P001712.mat,train
/P001713.mat,val
/P001714.mat,train
/P001715.mat,val
/P001716.mat,test
/P001717.mat,test
/P001718.mat,val
/P001719.mat,train
/P001720.mat,val
/P001721.mat,train
/P001722.mat,train
/P001723.mat,train
/P001724.mat,train
/P001725.mat,train
/P001726.mat,train
/P001727.mat,train
/P001728.mat,train
/P001729.mat,test
/P001730.mat,train
/P001731.mat,test
/P001732.mat,train
/P001733.mat,test
/P001734.mat,train
/P001735.mat,train
/P001736.mat,test
/P001737.mat,train
/P001738.mat,train
/P001739.mat,train
/P001740.mat,train
/P001741.mat,train
/P001742.mat,train
/P001743.mat,train
/P001744.mat,train
/P001745.mat,test
/P001746.mat,train
/P001747.mat,train
/P001748.mat,train
/P001749.mat,train
/P001750.mat,train
/P001751.mat,train
/P001752.mat,train
/P001753.mat,test
/P001754.mat,train
/P001755.mat,train
/P001756.mat,val
/P001757.mat,train
/P001758.mat,train
/P001759.mat,train
/P001760.mat,train
/P001761.mat,test
/P001762.mat,train
/P001763.mat,train
/P001764.mat,val
/P001765.mat,train
/P001766.mat,train
/P001767.mat,train
/P001768.mat,train
/P001769.mat,test
/P001770.mat,train
/P001771.mat,train
/P001772.mat,val
/P001773.mat,train
/P001774.mat,train
/P001775.mat,train
/P001776.mat,train
/P001777.mat,train
/P001778.mat,train
/P001779.mat,train
/P001780.mat,val
/P001781.mat,train
/P001782.mat,train
/P001783.mat,train
/P001784.mat,train
/P001785.mat,train
/P001786.mat,train
/P001787.mat,test
/P001788.mat,train
/P001789.mat,train
/P001790.mat,val
/P001791.mat,val
/P001792.mat,train
/P001793.mat,val
/P001794.mat,train
/P001795.mat,train
/P001796.mat,train
/P001797.mat,test
/P001798.mat,train
/P001799.mat,train
/P001800.mat,train
/P001801.mat,train
/P001802.mat,train
/P001803.mat,train
/P001804.mat,train
/P001805.mat,test
/P001806.mat,train
/P001807.mat,train
/P001808.mat,test
/P001809.mat,train
/P001810.mat,train
/P001811.mat,train
/P001812.mat,train
/P001813.mat,train
/P001814.mat,train
/P001815.mat,train
/P001816.mat,train
/P001817.mat,val
/P001818.mat,val
/P001819.mat,val
/P001820.mat,val
/P001821.mat,train
/P001822.mat,val
/P001823.mat,val
/P001824.mat,val
/P001825.mat,train
/P001826.mat,train
/P001827.mat,val
/P001828.mat,train
/P001829.mat,train
/P001830.mat,train
/P001831.mat,train
/P001832.mat,train
/P001833.mat,test
/P001834.mat,test
/P001835.mat,train
/P001836.mat,train
/P001837.mat,train
/P001838.mat,train
/P001839.mat,train
/P001840.mat,train
/P001841.mat,train
/P001842.mat,val
/P001843.mat,train
/P001844.mat,train
/P001845.mat,train
/P001846.mat,train
/P001847.mat,val
/P001848.mat,train
/P001849.mat,train
/P001850.mat,train
/P001851.mat,train
/P001852.mat,train
/P001853.mat,train
/P001854.mat,train
/P001855.mat,train
/P001856.mat,test
/P001857.mat,train
/P001858.mat,train
/P001859.mat,train
/P001860.mat,test
/P001861.mat,train
/P001862.mat,test
/P001863.mat,train
/P001864.mat,test
/P001865.mat,train
/P001866.mat,test
/P001867.mat,val
/P001868.mat,train
/P001869.mat,train
/P001870.mat,val
/P001871.mat,train
/P001872.mat,train
/P001873.mat,train
/P001874.mat,train
/P001875.mat,train
/P001876.mat,val
/P001877.mat,train
/P001878.mat,train
/P001879.mat,test
/P001880.mat,test
/P001881.mat,train
/P001882.mat,test
/P001883.mat,train
/P001884.mat,train
/P001885.mat,val
/P001886.mat,train
/P001887.mat,train
/P001888.mat,train
/P001889.mat,train
/P001890.mat,val
/P001891.mat,train
/P001892.mat,test
/P001893.mat,val
/P001894.mat,train
/P001895.mat,train
/P001896.mat,train
/P001897.mat,train
/P001898.mat,train
/P001899.mat,train
/P001900.mat,train
/P001901.mat,train
/P001902.mat,train
/P001903.mat,train
/P001904.mat,train
/P001905.mat,train
/P001906.mat,train
/P001907.mat,train
/P001908.mat,train
/P001909.mat,test
/P001910.mat,val
/P001911.mat,test
/P001912.mat,val
/P001913.mat,test
/P001914.mat,train
/P001915.mat,train
/P001916.mat,train
/P001917.mat,train
/P001918.mat,train
/P001919.mat,train
/P001920.mat,train
/P001921.mat,train
/P001922.mat,train
/P001923.mat,test
/P001924.mat,train
/P001925.mat,train
/P001926.mat,train
/P001927.mat,train
/P001928.mat,val
/P001929.mat,train
/P001930.mat,train
/P001931.mat,val
/P001932.mat,train
/P001933.mat,val
/P001934.mat,train
/P001935.mat,train
/P001936.mat,val
/P001937.mat,train
/P001938.mat,train
/P001939.mat,val
/P001940.mat,train
/P001941.mat,train
/P001942.mat,train
/P001943.mat,test
/P001944.mat,train
/P001945.mat,train
/P001946.mat,train
/P001947.mat,train
/P001948.mat,train
/P001949.mat,train
/P001950.mat,train
/P001951.mat,train
/P001952.mat,train
/P001953.mat,train
/P001954.mat,test
/P001955.mat,train
/P001956.mat,train
/P001957.mat,test
/P001958.mat,train
/P001959.mat,train
/P001960.mat,train
/P001961.mat,train
/P001962.mat,train
/P001963.mat,train
/P001964.mat,train
/P001965.mat,test
/P001966.mat,val
/P001967.mat,train
/P001968.mat,train
/P001969.mat,train
/P001970.mat,train
/P001971.mat,test
/P001972.mat,train
/P001973.mat,test
/P001974.mat,train
/P001975.mat,train
/P001976.mat,train
/P001977.mat,val
/P001978.mat,train
/P001979.mat,val
/P001980.mat,val
/P001981.mat,test
/P001982.mat,train
/P001983.mat,train
/P001984.mat,test
/P001985.mat,train
/P001986.mat,train
/P001987.mat,train
/P001988.mat,train
/P001989.mat,test
/P001990.mat,train
/P001991.mat,train
/P001992.mat,val
/P001993.mat,train
/P001994.mat,train
/P001995.mat,train
/P001996.mat,train
/P001997.mat,train
/P001998.mat,train
/P001999.mat,test
/P002000.mat,train
/P002001.mat,test
/P002002.mat,train
/P002003.mat,train
/P002004.mat,train
/P002005.mat,test
/P002006.mat,test
/P002007.mat,train
/P002008.mat,train
/P002009.mat,train
/P002010.mat,val
/P002011.mat,train
/P002012.mat,train
/P002013.mat,train
/P002014.mat,train
/P002015.mat,train
/P002016.mat,train
/P002017.mat,train
/P002018.mat,train
/P002019.mat,train
/P002020.mat,train
/P002021.mat,train
/P002022.mat,train
/P002023.mat,train
/P002024.mat,train
/P002025.mat,train
/P002026.mat,train
/P002027.mat,train
/P002028.mat,train
/P002029.mat,train
/P002030.mat,train
/P002031.mat,train
/P002032.mat,train
/P002033.mat,test
/P002034.mat,train
/P002035.mat,val
/P002036.mat,train
/P002037.mat,train
/P002038.mat,train
/P002039.mat,train
/P002040.mat,train
/P002041.mat,train
/P002042.mat,val
/P002043.mat,train
/P002044.mat,test
/P002045.mat,train
/P002046.mat,train
/P002047.mat,train
/P002048.mat,test
/P002049.mat,train
/P002050.mat,train
/P002051.mat,train
/P002052.mat,train
/P002053.mat,test
/P002054.mat,train
/P002055.mat,train
/P002056.mat,train
/P002057.mat,train
/P002058.mat,train
/P002059.mat,train
/P002060.mat,train
/P002061.mat,train
/P002062.mat,val
/P002063.mat,test
/P002064.mat,train
/P002065.mat,train
/P002066.mat,test
/P002067.mat,val
/P002068.mat,train
/P002069.mat,train
/P002070.mat,train
/P002071.mat,train
/P002072.mat,train
/P002073.mat,test
/P002074.mat,train
/P002075.mat,train
/P002076.mat,train
/P002077.mat,train
/P002078.mat,train
/P002079.mat,train
/P002080.mat,train
/P002081.mat,train
/P002082.mat,train
/P002083.mat,train
/P002084.mat,train
/P002085.mat,train
/P002086.mat,train
/P002087.mat,train
/P002088.mat,train
/P002089.mat,train
/P002090.mat,train
/P002091.mat,train
/P002092.mat,val
/P002093.mat,val
/P002094.mat,train
/P002095.mat,train
/P002096.mat,val
/P002097.mat,train
/P002098.mat,train
/P002099.mat,train
/P002100.mat,train
/P002101.mat,train
/P002102.mat,train
/P002103.mat,train
/P002104.mat,train
/P002105.mat,train
/P002106.mat,train
/P002107.mat,val
/P002108.mat,train
/P002109.mat,test
/P002110.mat,test
/P002111.mat,val
/P002112.mat,val
/P002113.mat,train
/P002114.mat,train
/P002115.mat,val
/P002116.mat,train
/P002117.mat,train
/P002118.mat,train
/P002119.mat,train
/P002120.mat,train
/P002121.mat,train
/P002122.mat,test
/P002123.mat,train
/P002124.mat,train
/P002125.mat,train
/P002126.mat,test
/P002127.mat,train
/P002128.mat,train
/P002129.mat,train
/P002130.mat,train
/P002131.mat,val
/P002132.mat,train
/P002133.mat,train
/P002134.mat,train
/P002135.mat,train
/P002136.mat,test
/P002137.mat,train
/P002138.mat,train
/P002139.mat,val
/P002140.mat,train
/P002141.mat,train
/P002142.mat,test
/P002143.mat,train
/P002144.mat,test
/P002145.mat,train
/P002146.mat,train
/P002147.mat,train
/P002148.mat,train
/P002149.mat,train
/P002150.mat,train
/P002151.mat,train
/P002152.mat,train
/P002153.mat,train
/P002154.mat,train
/P002155.mat,train
/P002156.mat,val
/P002157.mat,train
/P002158.mat,test
/P002159.mat,val
/P002160.mat,train
/P002161.mat,test
/P002162.mat,train
/P002163.mat,test
/P002164.mat,train
/P002165.mat,train
/P002166.mat,test
/P002167.mat,test
/P002168.mat,val
/P002169.mat,train
/P002170.mat,test
/P002171.mat,val
/P002172.mat,train
/P002173.mat,train
/P002174.mat,train
/P002175.mat,test
/P002176.mat,train
/P002177.mat,train
/P002178.mat,train
/P002179.mat,train
/P002180.mat,train
/P002181.mat,test
/P002182.mat,test
/P002183.mat,val
/P002184.mat,train
/P002185.mat,val
/P002186.mat,test
/P002187.mat,val
/P002188.mat,train
/P002189.mat,test
/P002190.mat,test
/P002191.mat,val
/P002192.mat,train
/P002193.mat,train
/P002194.mat,train
/P002195.mat,val
/P002196.mat,test
/P002197.mat,test
/P002198.mat,train
/P002199.mat,train
/P002200.mat,train
/P002201.mat,val
/P002202.mat,train
/P002203.mat,test
/P002204.mat,train
/P002205.mat,train
/P002206.mat,train
/P002207.mat,train
/P002208.mat,train
/P002209.mat,train
/P002210.mat,train
/P002211.mat,train
/P002212.mat,test
/P002213.mat,train
/P002214.mat,val
/P002215.mat,val
/P002216.mat,train
/P002217.mat,test
/P002218.mat,train
/P002219.mat,val
/P002220.mat,train
/P002221.mat,val
/P002222.mat,val
/P002223.mat,val
/P002224.mat,train
/P002225.mat,train
/P002226.mat,train
/P002227.mat,train
/P002228.mat,val
/P002229.mat,train
/P002230.mat,train
/P002231.mat,train
/P002232.mat,test
/P002233.mat,train
/P002234.mat,train
/P002235.mat,train
/P002236.mat,train
/P002237.mat,train
/P002238.mat,train
/P002239.mat,train
/P002240.mat,val
/P002241.mat,train
/P002242.mat,train
/P002243.mat,test
/P002244.mat,train
/P002245.mat,train
/P002246.mat,train
/P002247.mat,train
/P002248.mat,val
/P002249.mat,train
/P002250.mat,train
/P002251.mat,test
/P002252.mat,train
/P002253.mat,train
/P002254.mat,train
/P002255.mat,val
/P002256.mat,train
/P002257.mat,val
/P002258.mat,train
/P002259.mat,val
/P002260.mat,train
/P002261.mat,test
/P002262.mat,val
/P002263.mat,train
/P002264.mat,train
/P002265.mat,train
/P002266.mat,train
/P002267.mat,test
/P002268.mat,val
/P002269.mat,train
/P002270.mat,val
/P002271.mat,train
/P002272.mat,train
/P002273.mat,val
/P002274.mat,test
/P002275.mat,train
/P002276.mat,val
/P002277.mat,train
/P002278.mat,train
/P002279.mat,train
/P002280.mat,train
/P002281.mat,train
/P002282.mat,train
/P002283.mat,train
/P002284.mat,val
/P002285.mat,train
/P002286.mat,train
/P002287.mat,train
/P002288.mat,val
/P002289.mat,train
/P002290.mat,val
/P002291.mat,train
/P002292.mat,train
/P002293.mat,val
/P002294.mat,train
/P002295.mat,train
/P002296.mat,val
/P002297.mat,val
/P002298.mat,test
/P002299.mat,train
/P002300.mat,train
/P002301.mat,train
/P002302.mat,train
/P002303.mat,val
/P002304.mat,train
/P002305.mat,train
/P002306.mat,train
/P002307.mat,val
/P002308.mat,train
/P002309.mat,train
/P002310.mat,train
/P002311.mat,train
/P002312.mat,train
/P002313.mat,val
/P002314.mat,train
/P002315.mat,train
/P002316.mat,train
/P002317.mat,val
/P002318.mat,train
/P002319.mat,train
/P002320.mat,train
/P002321.mat,train
/P002322.mat,test
/P002323.mat,test
/P002324.mat,train
/P002325.mat,test
/P002326.mat,train
/P002327.mat,test
/P002328.mat,train
/P002329.mat,train
/P002330.mat,test
/P002331.mat,train
/P002332.mat,train
/P002333.mat,train
/P002334.mat,train
/P002335.mat,val
/P002336.mat,test
/P002337.mat,val
/P002338.mat,train
/P002339.mat,val
/P002340.mat,train
/P002341.mat,train
/P002342.mat,train
/P002343.mat,train
/P002344.mat,train
/P002345.mat,test
/P002346.mat,train
/P002347.mat,test
/P002348.mat,train
/P002349.mat,val
/P002350.mat,train
/P002351.mat,train
/P002352.mat,train
/P002353.mat,train
/P002354.mat,test
/P002355.mat,val
/P002356.mat,val
/P002357.mat,train
/P002358.mat,train
/P002359.mat,val
/P002360.mat,test
/P002361.mat,test
/P002362.mat,train
/P002363.mat,val
/P002364.mat,val
/P002365.mat,train
/P002366.mat,val
/P002367.mat,train
/P002368.mat,train
/P002369.mat,train
/P002370.mat,train
/P002371.mat,train
/P002372.mat,train
/P002373.mat,train
/P002374.mat,train
/P002375.mat,test
/P002376.mat,train
/P002377.mat,test
/P002378.mat,train
/P002379.mat,train
/P002380.mat,val
/P002381.mat,train
/P002382.mat,train
/P002383.mat,train
/P002384.mat,train
/P002385.mat,train
/P002386.mat,train
/P002387.mat,train
/P002388.mat,train
/P002389.mat,train
/P002390.mat,train
/P002391.mat,train
/P002392.mat,train
/P002393.mat,train
/P002394.mat,train
/P002395.mat,train
/P002396.mat,train
/P002397.mat,val
/P002398.mat,val
/P002399.mat,train
/P002400.mat,val
/P002401.mat,train
/P002402.mat,val
/P002403.mat,train
/P002404.mat,test
/P002405.mat,train
/P002406.mat,train
/P002407.mat,train
/P002408.mat,train
/P002409.mat,test
/P002410.mat,train
/P002411.mat,train
/P002412.mat,val
/P002413.mat,train
/P002414.mat,test
/P002415.mat,train
/P002416.mat,val
/P002417.mat,test
/P002418.mat,train
/P002419.mat,train
/P002420.mat,test
/P002421.mat,train
/P002422.mat,train
/P002423.mat,train
/P002424.mat,train
/P002425.mat,train
/P002426.mat,train
/P002427.mat,val
/P002428.mat,train
/P002429.mat,train
/P002430.mat,test
/P002431.mat,train
/P002432.mat,train
/P002433.mat,train
/P002434.mat,train
/P002435.mat,train
/P002436.mat,train
/P002437.mat,train
/P002438.mat,test
/P002439.mat,test
/P002440.mat,test
/P002441.mat,train
/P002442.mat,train
/P002443.mat,train
/P002444.mat,train
/P002445.mat,train
/P002446.mat,train
/P002447.mat,train
/P002448.mat,val
/P002449.mat,train
/P002450.mat,train
/P002451.mat,train
/P002452.mat,val
/P002453.mat,train
/P002454.mat,train
/P002455.mat,train
/P002456.mat,train
/P002457.mat,train
/P002458.mat,val
/P002459.mat,train
/P002460.mat,test
/P002461.mat,train
/P002462.mat,train
/P002463.mat,train
/P002464.mat,train
/P002465.mat,val
/P002466.mat,train
/P002467.mat,val
/P002468.mat,train
/P002469.mat,train
/P002470.mat,train
/P002471.mat,train
/P002472.mat,train
/P002473.mat,train
/P002474.mat,train
/P002475.mat,train
/P002476.mat,test
/P002477.mat,train
/P002478.mat,val
/P002479.mat,train
/P002480.mat,train
/P002481.mat,test
/P002482.mat,train
/P002483.mat,train
/P002484.mat,train
/P002485.mat,train
/P002486.mat,train
/P002487.mat,train
/P002488.mat,train
/P002489.mat,train
/P002490.mat,train
/P002491.mat,train
/P002492.mat,train
/P002493.mat,train
/P002494.mat,val
/P002495.mat,test
/P002496.mat,train
/P002497.mat,test
/P002498.mat,train
/P002499.mat,train
/P002500.mat,train
/P002501.mat,train
/P002502.mat,train
/P002503.mat,val
/P002504.mat,train
/P002505.mat,train
/P002506.mat,test
/P002507.mat,test
/P002508.mat,train
/P002509.mat,test
/P002510.mat,train
/P002511.mat,train
/P002512.mat,train
/P002513.mat,train
/P002514.mat,train
/P002515.mat,train
/P002516.mat,train
/P002517.mat,train
/P002518.mat,train
/P002519.mat,train
/P002520.mat,train
/P002521.mat,train
/P002522.mat,train
/P002523.mat,train
/P002524.mat,train
/P002525.mat,train
/P002526.mat,train
/P002527.mat,train
/P002528.mat,train
/P002529.mat,train
/P002530.mat,train
/P002531.mat,test
/P002532.mat,test
/P002533.mat,train
/P002534.mat,test
/P002535.mat,val
/P002536.mat,train
/P002537.mat,train
/P002538.mat,train
/P002539.mat,train
/P002540.mat,train
/P002541.mat,train
/P002542.mat,train
/P002543.mat,train
/P002544.mat,train
/P002545.mat,train
/P002546.mat,train
/P002547.mat,val
/P002548.mat,train
/P002549.mat,train
/P002550.mat,train
/P002551.mat,test
/P002552.mat,train
/P002553.mat,train
/P002554.mat,test
/P002555.mat,train
/P002556.mat,test
/P002557.mat,train
/P002558.mat,train
/P002559.mat,val
/P002560.mat,train
/P002561.mat,val
/P002562.mat,test
/P002563.mat,train
/P002564.mat,test
/P002565.mat,train
/P002566.mat,train
/P002567.mat,train
/P002568.mat,train
/P002569.mat,train
/P002570.mat,val
/P002571.mat,train
/P002572.mat,test
/P002573.mat,val
/P002574.mat,train
/P002575.mat,train
/P002576.mat,train
/P002577.mat,train
/P002578.mat,train
/P002579.mat,train
/P002580.mat,train
/P002581.mat,train
/P002582.mat,train
/P002583.mat,train
/P002584.mat,test
/P002585.mat,train
/P002586.mat,test
/P002587.mat,test
/P002588.mat,train
/P002589.mat,train
/P002590.mat,train
/P002591.mat,test
/P002592.mat,train
/P002593.mat,test
/P002594.mat,val
/P002595.mat,train
/P002596.mat,train
/P002597.mat,train
/P002598.mat,val
/P002599.mat,train
/P002600.mat,train
/P002601.mat,train
/P002602.mat,val
/P002603.mat,train
/P002604.mat,train
/P002605.mat,test
/P002606.mat,val
/P002607.mat,train
/P002608.mat,train
/P002609.mat,train
/P002610.mat,test
/P002611.mat,train
/P002612.mat,val
/P002613.mat,test
/P002614.mat,train
/P002615.mat,train
/P002616.mat,val
/P002617.mat,test
/P002618.mat,train
/P002619.mat,train
/P002620.mat,train
/P002621.mat,train
/P002622.mat,train
/P002623.mat,test
/P002624.mat,train
/P002625.mat,train
/P002626.mat,train
/P002627.mat,train
/P002628.mat,train
/P002629.mat,train
/P002630.mat,train
/P002631.mat,test
/P002632.mat,train
/P002633.mat,train
/P002634.mat,train
/P002635.mat,train
/P002636.mat,train
/P002637.mat,val
/P002638.mat,train
/P002639.mat,val
/P002640.mat,val
/P002641.mat,test
/P002642.mat,train
/P002643.mat,test
/P002644.mat,train
/P002645.mat,val
/P002646.mat,train
/P002647.mat,train
/P002648.mat,test
/P002649.mat,val
/P002650.mat,train
/P002651.mat,train
/P002652.mat,train
/P002653.mat,test
/P002654.mat,train
/P002655.mat,train
/P002656.mat,train
/P002657.mat,val
/P002658.mat,train
/P002659.mat,train
/P002660.mat,train
/P002661.mat,train
/P002662.mat,train
/P002663.mat,test
/P002664.mat,train
/P002665.mat,test
/P002666.mat,test
/P002667.mat,val
/P002668.mat,train
/P002669.mat,train
/P002670.mat,train
/P002671.mat,train
/P002672.mat,val
/P002673.mat,val
/P002674.mat,train
/P002675.mat,test
/P002676.mat,train
/P002677.mat,test
/P002678.mat,test
/P002679.mat,train
/P002680.mat,train
/P002681.mat,train
/P002682.mat,train
/P002683.mat,train
/P002684.mat,train
/P002685.mat,train
/P002686.mat,train
/P002687.mat,train
/P002688.mat,train
/P002689.mat,train
/P002690.mat,train
/P002691.mat,train
/P002692.mat,test
/P002693.mat,train
/P002694.mat,test
/P002695.mat,test
/P002696.mat,test
/P002697.mat,train
/P002698.mat,train
/P002699.mat,train
/P002700.mat,train
/P002701.mat,train
/P002702.mat,test
/P002703.mat,train
/P002704.mat,train
/P002705.mat,train
/P002706.mat,train
/P002707.mat,test
/P002708.mat,test
/P002709.mat,train
/P002710.mat,val
/P002711.mat,test
/P002712.mat,train
/P002713.mat,val
/P002714.mat,train
/P002715.mat,val
/P002716.mat,test
/P002717.mat,val
/P002718.mat,train
/P002719.mat,train
/P002720.mat,val
/P002721.mat,train
/P002722.mat,train
/P002723.mat,train
/P002724.mat,train
/P002725.mat,train
/P002726.mat,val
/P002727.mat,train
/P002728.mat,train
/P002729.mat,val
/P002730.mat,train
/P002731.mat,train
/P002732.mat,train
/P002733.mat,test
/P002734.mat,train
/P002735.mat,train
/P002736.mat,train
/P002737.mat,train
/P002738.mat,train
/P002739.mat,train
/P002740.mat,test
/P002741.mat,train
/P002742.mat,train
/P002743.mat,train
/P002744.mat,train
/P002745.mat,test
/P002746.mat,test
/P002747.mat,train
/P002748.mat,train
/P002749.mat,test
/P002750.mat,train
/P002751.mat,train
/P002752.mat,val
/P002753.mat,test
/P002754.mat,val
/P002755.mat,val
/P002756.mat,train
/P002757.mat,train
/P002758.mat,test
/P002759.mat,train
/P002760.mat,test
/P002761.mat,train
/P002762.mat,train
/P002763.mat,train
/P002764.mat,train
/P002765.mat,train
/P002766.mat,train
/P002767.mat,train
/P002768.mat,train
/P002769.mat,train
/P002770.mat,train
/P002771.mat,train
/P002772.mat,train
/P002773.mat,train
/P002774.mat,train
/P002775.mat,train
/P002776.mat,val
/P002777.mat,train
/P002778.mat,train
/P002779.mat,val
/P002780.mat,train
/P002781.mat,train
/P002782.mat,train
/P002783.mat,train
/P002784.mat,train
/P002785.mat,train
/P002786.mat,train
/P002787.mat,train
/P002788.mat,train
/P002789.mat,val
/P002790.mat,train
/P002791.mat,train
/P002792.mat,train
/P002793.mat,val
/P002794.mat,train
/P002795.mat,train
/P002796.mat,train
/P002797.mat,train
/P002798.mat,train
/P002799.mat,train
/P002800.mat,train
